PartID,PartName,Quantity,ReorderPoint,LeadTime,Cost,Supplier
P8270,Brake Pad,860,64,11,3920.4859013365694,SupplierA
P6734,Motor,466,124,11,4344.263114297182,SupplierD
P9322,Windshield,308,51,24,4178.968939922066,SupplierB
P3433,Infotainment System,955,70,1,1590.7869905017349,SupplierB
P7396,Brake Pad,856,98,27,3098.0791841396594,SupplierB
P3047,Brake Pad,699,64,15,3130.091445732128,SupplierD
P8734,Brake Pad,831,180,5,3076.969774317048,SupplierA
P6393,Brake Pad,600,109,14,4061.1470057706597,SupplierA
P8513,Tire,897,133,28,2256.7472193240465,SupplierC
P1775,Suspension,34,130,4,992.9568301615054,SupplierD
P4073,Windshield,389,103,10,2881.7316063179583,SupplierA
P7873,Brake Pad,161,63,16,1700.0497671485934,SupplierB
P2016,Windshield,295,131,15,4160.813794844454,SupplierB
P5859,Brake Pad,379,90,29,4030.7652056947945,SupplierA
P9006,Battery,343,178,12,1538.0920561183868,SupplierC
P6258,Inverter,592,185,3,3971.860148602908,SupplierC
P6892,Motor,230,90,28,4329.206786790408,SupplierD
P4104,Infotainment System,502,111,24,3363.0195474257334,SupplierD
P9154,Inverter,960,150,15,3594.8994573926757,SupplierA
P2028,Motor,502,191,7,298.1245887383136,SupplierC
P6134,Motor,553,173,13,1088.4240914434413,SupplierD
P3790,Battery,563,145,4,4547.075722237856,SupplierC
P7374,Tire,654,78,4,4719.982495734107,SupplierC
P4157,Brake Pad,577,94,25,616.921873168326,SupplierD
P4627,Brake Pad,797,124,26,698.2309780332994,SupplierA
P8392,Battery,376,76,25,4108.2723530202165,SupplierA
P8526,Windshield,455,186,5,3492.936561162325,SupplierB
P1663,Suspension,826,167,24,3544.7928985863714,SupplierA
P2853,Battery,441,101,12,1333.7332495442843,SupplierB
P8554,Battery,612,162,24,280.7460420372107,SupplierA
P5737,Brake Pad,565,136,5,1790.8491153307466,SupplierA
P6249,Tire,683,117,23,3831.936115110716,SupplierC
P9958,Windshield,279,118,20,4918.77339038473,SupplierB
P2930,Suspension,751,193,1,838.5159654306044,SupplierC
P3511,Tire,770,197,28,3420.065373027184,SupplierC
P2986,Suspension,146,197,7,954.3955021244581,SupplierA
P2959,Infotainment System,550,131,8,773.8526263153669,SupplierD
P9120,Battery,945,91,3,1219.8951068067684,SupplierD
P9815,Battery,571,162,2,4981.643128813829,SupplierB
P5548,Tire,159,58,9,1811.1269156020383,SupplierD
P3255,Inverter,403,103,24,4450.073483928703,SupplierD
P2648,Infotainment System,419,153,20,2945.3644450386278,SupplierD
P3557,Battery,98,142,18,887.9594519457434,SupplierB
P3869,Inverter,719,117,1,2520.0792043988295,SupplierD
P4987,Infotainment System,895,185,7,3632.6056288354334,SupplierD
P5555,Inverter,882,168,22,1295.5492525575096,SupplierB
P4436,Inverter,437,57,27,2228.5323910011,SupplierA
P5893,Battery,283,160,1,1056.690640210418,SupplierA
P8683,Inverter,191,98,17,4973.297502906971,SupplierB
P2069,Tire,517,148,28,175.7374209914504,SupplierD
P4420,Battery,301,144,3,4903.624760208624,SupplierD
P1190,Tire,980,116,18,2828.3261860459156,SupplierC
P7709,Motor,322,153,14,576.1648194767658,SupplierD
P5014,Windshield,662,176,27,1546.9238832528,SupplierB
P1784,Infotainment System,928,186,11,3573.6638848595812,SupplierC
P6596,Motor,758,75,3,1355.4140236128444,SupplierD
P9716,Brake Pad,505,184,25,3176.682633248317,SupplierD
P3368,Infotainment System,511,193,14,4461.026174906075,SupplierC
P6919,Suspension,958,135,19,2381.4302888490547,SupplierC
P2148,Windshield,313,107,22,1326.2316665277338,SupplierB
P4854,Windshield,443,150,1,4156.558118559185,SupplierD
P4051,Brake Pad,4,152,4,4225.9130675587085,SupplierD
P8027,Windshield,46,148,23,777.9301528472266,SupplierD
P5465,Brake Pad,105,196,17,2054.2224170794934,SupplierC
P6177,Suspension,345,166,23,2198.740927206528,SupplierD
P2664,Motor,633,50,15,1326.190201006517,SupplierB
P6237,Infotainment System,600,166,1,4778.839875249651,SupplierC
P1580,Windshield,860,125,26,1844.2661253911817,SupplierA
P8253,Battery,284,118,15,299.5711313629537,SupplierB
P7617,Infotainment System,340,88,4,948.6891625590744,SupplierB
P5452,Suspension,761,59,22,3211.958889251455,SupplierB
P8390,Motor,761,196,26,2555.0954311847704,SupplierD
P5611,Infotainment System,791,129,23,4726.83282591332,SupplierD
P7303,Inverter,851,189,18,2909.4985041924733,SupplierA
P5000,Tire,690,150,12,1991.9029252237938,SupplierA
P4913,Inverter,555,78,13,1151.4866865710333,SupplierB
P9945,Inverter,726,130,26,1662.9805884394304,SupplierB
P1417,Inverter,616,184,4,3495.162757590503,SupplierB
P1412,Infotainment System,419,70,29,1481.9694055994019,SupplierB
P6988,Battery,919,148,16,725.6796741700814,SupplierA
P3143,Infotainment System,662,86,12,2202.07073413759,SupplierA
P3914,Battery,797,66,17,2575.7366249945,SupplierD
P1728,Windshield,396,68,17,362.0779540621076,SupplierA
P8400,Inverter,75,58,7,4788.324337119636,SupplierC
P5946,Motor,366,193,21,549.3503215665573,SupplierD
P8192,Brake Pad,890,102,23,3928.3506473088923,SupplierC
P3156,Tire,41,191,26,2263.4994567295475,SupplierC
P9924,Inverter,842,195,15,800.6592420588956,SupplierB
P1953,Brake Pad,912,56,14,3534.748744149688,SupplierB
P7938,Motor,193,54,29,515.7047990174403,SupplierC
P2365,Brake Pad,656,120,25,3000.2548202242933,SupplierD
P4141,Brake Pad,414,68,29,1952.1391915990469,SupplierC
P5186,Motor,857,68,7,2228.8140379925294,SupplierA
P5748,Motor,219,175,26,3730.7719184622747,SupplierD
P4072,Inverter,972,141,25,1936.86583966615,SupplierA
P8576,Infotainment System,928,166,6,4030.335320230997,SupplierA
P7316,Tire,814,198,16,2685.735434522869,SupplierC
P6348,Brake Pad,226,196,20,469.6292807398694,SupplierC
P2256,Battery,525,192,1,3175.034592411911,SupplierB
P4330,Infotainment System,470,61,10,4757.016271975138,SupplierD
P9549,Brake Pad,407,166,8,931.4315290882711,SupplierD
P4719,Motor,315,77,28,1865.6909665058145,SupplierD
P4775,Inverter,501,194,9,1616.685319803006,SupplierD
P3779,Infotainment System,924,190,14,473.3818600358994,SupplierB
P6713,Inverter,255,96,25,2149.3908778240325,SupplierD
P9989,Motor,250,158,5,229.19817503653482,SupplierA
P3193,Infotainment System,238,60,21,3772.9336698827533,SupplierA
P4925,Inverter,794,147,9,2132.6155614545596,SupplierA
P1404,Infotainment System,822,55,28,4083.21494473738,SupplierC
P6989,Inverter,436,72,5,3657.9921359520554,SupplierB
P5178,Battery,84,127,9,732.8811342423254,SupplierC
P5780,Tire,771,162,8,3128.8283782436897,SupplierD
P8239,Suspension,153,167,3,2648.8011554487675,SupplierD
P2077,Brake Pad,388,106,17,756.6746194081396,SupplierC
P2252,Tire,909,115,11,1143.5243913936627,SupplierB
P7881,Windshield,305,147,18,2021.9958209886884,SupplierC
P2331,Battery,165,128,28,1560.0013125555572,SupplierB
P8730,Battery,132,78,4,2350.799358936245,SupplierA
P6449,Battery,507,133,24,324.72020538270147,SupplierB
P6569,Tire,125,92,16,1773.6597312370707,SupplierC
P1760,Suspension,182,129,11,780.2531459821097,SupplierD
P9472,Inverter,863,142,18,3049.483438150705,SupplierC
P8570,Tire,4,141,10,967.3513729560594,SupplierA
P7981,Battery,644,61,26,4481.664588190036,SupplierA
P8240,Motor,248,96,25,3470.145113770807,SupplierD
P7493,Inverter,830,97,29,112.71561947986814,SupplierD
P2276,Brake Pad,718,96,24,2474.1626274360046,SupplierB
P9150,Windshield,215,179,13,405.4726763050831,SupplierC
P6126,Inverter,622,156,15,249.3135483946114,SupplierB
P8673,Windshield,738,164,15,613.8589160091565,SupplierC
P9905,Suspension,952,66,7,537.1012106890753,SupplierB
P5632,Battery,524,74,4,1840.0110860685934,SupplierA
P7371,Suspension,469,83,15,3752.653423503217,SupplierA
P7891,Inverter,553,150,6,4508.272246010561,SupplierD
P2761,Inverter,951,108,13,1718.7075582764785,SupplierA
P2460,Windshield,276,119,23,2490.2680239628157,SupplierB
P7986,Windshield,829,143,24,4494.150580669483,SupplierC
P9434,Suspension,39,85,24,648.9906206234565,SupplierB
P9659,Brake Pad,74,53,15,4103.653147651472,SupplierA
P3551,Windshield,946,111,25,3620.440627099113,SupplierC
P7316,Brake Pad,644,119,26,1686.0282583807941,SupplierC
P9915,Battery,531,162,12,662.7004412220973,SupplierB
P2828,Windshield,138,149,13,2709.6882195027706,SupplierA
P1009,Tire,918,187,12,1088.4792654181556,SupplierD
P2619,Battery,318,150,9,3825.116513459464,SupplierC
P4490,Windshield,94,98,5,4170.035098159873,SupplierD
P2908,Infotainment System,458,186,2,988.0420242117348,SupplierC
P3560,Infotainment System,319,199,28,4224.961006115533,SupplierD
P7413,Brake Pad,797,84,21,1013.3844352619061,SupplierC
P8546,Windshield,409,111,4,1649.3632532528236,SupplierB
P3136,Motor,295,121,7,3597.534028791097,SupplierD
P8804,Windshield,864,72,15,2929.6827274400157,SupplierA
P2248,Suspension,502,102,8,1222.224415531502,SupplierC
P2970,Windshield,645,116,7,3679.690770365577,SupplierB
P6567,Brake Pad,14,160,29,2527.5757693794317,SupplierB
P1922,Brake Pad,156,87,25,1627.4381321981864,SupplierA
P1950,Battery,253,135,2,3836.047560129384,SupplierC
P2865,Battery,117,87,13,642.0955110805154,SupplierD
P7359,Brake Pad,695,64,29,2745.3171218529,SupplierA
P3371,Brake Pad,684,179,27,3241.623401137957,SupplierC
P1793,Inverter,282,118,20,989.8288123269858,SupplierB
P7166,Suspension,345,95,11,851.421875268793,SupplierA
P8783,Windshield,209,160,8,4373.407153826342,SupplierD
P8147,Brake Pad,323,182,24,212.8107634594238,SupplierC
P4177,Battery,603,80,26,437.71554289937205,SupplierC
P8196,Windshield,295,90,22,4562.362371452994,SupplierA
P6732,Tire,345,159,4,710.8471378960076,SupplierA
P4072,Suspension,949,104,19,2997.249635150153,SupplierA
P8112,Tire,136,106,21,3058.235505477681,SupplierC
P9766,Brake Pad,536,139,11,4622.505135812576,SupplierC
P9666,Motor,346,66,11,260.9486841928479,SupplierC
P2205,Infotainment System,24,137,1,1875.7301056715023,SupplierC
P5757,Motor,155,163,21,2624.351043793382,SupplierA
P4432,Battery,147,167,22,518.2133735853549,SupplierA
P7704,Suspension,768,190,23,2191.265636150072,SupplierD
P9914,Windshield,31,78,17,279.0933724556649,SupplierB
P8311,Infotainment System,18,67,1,3900.0853218055518,SupplierC
P7645,Brake Pad,112,163,6,3850.2457772245793,SupplierD
P7016,Infotainment System,924,104,7,3790.906481662509,SupplierB
P2481,Inverter,877,173,1,224.39314273568982,SupplierD
P4462,Tire,7,114,25,1187.6635934714523,SupplierD
P9519,Windshield,760,116,19,3298.455928474186,SupplierC
P8970,Infotainment System,87,127,24,4053.5657299166714,SupplierD
P5547,Brake Pad,164,191,23,4492.045510753487,SupplierC
P5425,Suspension,672,134,19,701.6067593472717,SupplierC
P2308,Brake Pad,81,51,1,4105.47345251836,SupplierD
P4594,Motor,385,168,12,4170.207082169723,SupplierA
P2279,Windshield,904,102,12,1175.6015728966977,SupplierB
P2387,Infotainment System,592,169,27,4483.305911781048,SupplierD
P5831,Battery,881,164,17,1416.519060986236,SupplierD
P5033,Tire,280,152,9,782.8447629568383,SupplierC
P3541,Brake Pad,665,78,13,3486.9871022873062,SupplierA
P1074,Windshield,145,177,21,4093.76669917204,SupplierA
P8184,Tire,152,171,12,1111.4642316269558,SupplierB
P1341,Tire,26,106,6,3687.7044344494057,SupplierB
P7136,Tire,454,187,13,4206.72411957365,SupplierA
P8643,Windshield,633,95,2,914.7885069047891,SupplierC
P3866,Tire,291,164,26,434.42355623504875,SupplierC
P6415,Inverter,511,162,27,1555.8964065535577,SupplierC
P2333,Motor,54,160,24,4690.465722691314,SupplierA
P8479,Battery,761,85,15,1385.093817069143,SupplierC
P8101,Inverter,364,122,9,1822.5467895576721,SupplierA
P2240,Tire,938,153,10,2352.4394125295426,SupplierC
P2252,Brake Pad,171,151,2,605.15935546735,SupplierA
P5090,Battery,956,66,10,3483.7451389836388,SupplierA
P8982,Brake Pad,317,129,24,3816.122828333839,SupplierC
P3708,Battery,726,167,16,4261.058692670064,SupplierA
P7609,Battery,267,192,27,4939.57323918357,SupplierA
P9238,Infotainment System,777,65,7,4996.832147872591,SupplierB
P8124,Windshield,249,184,14,690.5606360536758,SupplierC
P5232,Inverter,687,121,18,2166.6370326795113,SupplierA
P7737,Suspension,989,165,7,2330.2040566771648,SupplierC
P4561,Suspension,272,63,24,1227.043302709745,SupplierD
P8980,Motor,130,86,11,1765.387322463524,SupplierC
P8126,Brake Pad,38,64,24,2743.5073326391525,SupplierA
P1920,Tire,721,65,13,3117.729622093292,SupplierB
P9502,Inverter,169,83,27,4386.038196152577,SupplierA
P4810,Inverter,38,95,20,358.15079628842005,SupplierA
P9436,Brake Pad,696,65,24,1431.26615823812,SupplierA
P5361,Windshield,920,152,20,3714.153277785568,SupplierB
P4760,Inverter,428,191,24,1507.4710591050004,SupplierD
P1145,Windshield,292,122,15,1983.2005710824403,SupplierD
P2828,Tire,996,173,6,4913.4195238924,SupplierC
P9202,Windshield,844,101,4,1235.1913367788727,SupplierD
P6429,Tire,242,159,10,330.0322500242837,SupplierA
P3265,Battery,752,52,24,1815.6137699169774,SupplierA
P9245,Suspension,726,58,3,3026.642954908671,SupplierA
P8657,Inverter,689,131,17,854.0899410652898,SupplierD
P8906,Windshield,780,169,29,2731.1746721777263,SupplierA
P5675,Windshield,356,147,11,4399.558226888864,SupplierC
P2218,Battery,737,125,10,4066.6287661519027,SupplierD
P1954,Motor,983,173,15,124.90248510832723,SupplierC
P4972,Infotainment System,601,195,6,4814.397665701044,SupplierD
P4020,Brake Pad,964,130,18,2526.217982368474,SupplierD
P1317,Tire,114,116,24,3344.348849522167,SupplierD
P4930,Tire,748,82,6,2654.175529684033,SupplierD
P4239,Brake Pad,352,108,27,885.9605161173532,SupplierA
P1362,Tire,344,149,27,3788.311533832442,SupplierC
P1556,Motor,760,80,23,125.21133669810236,SupplierD
P7506,Tire,669,88,18,4108.038418183405,SupplierB
P9780,Tire,523,88,2,1506.4868525570726,SupplierB
P2136,Battery,16,153,2,3206.6279451880955,SupplierD
P2007,Windshield,466,123,9,4818.660818909074,SupplierC
P2435,Brake Pad,334,86,29,3965.1542111666467,SupplierD
P2887,Brake Pad,241,117,27,915.2501759681345,SupplierD
P9073,Windshield,704,71,26,466.00264701348465,SupplierB
P3353,Windshield,703,78,12,3773.2939755403313,SupplierC
P6043,Tire,459,56,29,208.40540249208655,SupplierB
P4356,Brake Pad,976,148,13,4285.627894861674,SupplierC
P3844,Tire,74,165,2,3886.831622082342,SupplierD
P4093,Inverter,538,130,12,253.38133736282958,SupplierA
P5116,Suspension,975,150,27,4826.150314124022,SupplierC
P6626,Battery,569,173,6,1226.7775688663223,SupplierA
P4056,Battery,791,61,18,4335.355424214222,SupplierD
P4610,Infotainment System,59,194,29,3905.3245786795346,SupplierC
P2050,Windshield,561,180,29,743.0999006436991,SupplierA
P6655,Brake Pad,377,180,20,4003.032725783264,SupplierA
P2875,Brake Pad,520,112,22,2951.659869380554,SupplierA
P3433,Infotainment System,583,188,13,832.9451490710723,SupplierA
P9465,Windshield,319,131,14,4876.029274166381,SupplierB
P7154,Tire,728,82,28,3921.269845577414,SupplierD
P1778,Windshield,690,137,9,1286.0205777263845,SupplierA
P4117,Infotainment System,462,129,22,3128.9630981587834,SupplierD
P3720,Motor,935,146,2,2717.786809284581,SupplierA
P2949,Battery,588,165,26,2044.9240533878208,SupplierB
P8014,Motor,685,171,18,4125.059567248345,SupplierB
P9619,Battery,871,110,3,4491.484383156688,SupplierA
P7917,Battery,358,90,18,4682.488894967352,SupplierD
P4389,Brake Pad,317,160,27,2473.552393112799,SupplierC
P1207,Brake Pad,389,107,22,2316.3595941396707,SupplierC
P8294,Battery,699,155,14,499.9869119498889,SupplierB
P8179,Suspension,523,190,25,4371.739476301788,SupplierB
P4638,Windshield,355,185,29,3969.5226849981477,SupplierC
P1306,Brake Pad,593,195,19,1219.4282325233637,SupplierD
P9503,Battery,58,180,28,1077.758009552811,SupplierC
P7236,Windshield,958,146,7,2366.85248802265,SupplierB
P1158,Motor,956,73,20,3180.947609209131,SupplierD
P4453,Brake Pad,955,99,17,2618.579752262752,SupplierA
P7563,Motor,116,147,4,4379.773866600137,SupplierB
P2394,Motor,245,174,12,1980.8510441522017,SupplierB
P3958,Battery,866,75,8,2086.0198971201426,SupplierB
P1525,Windshield,1,168,5,4286.486957510938,SupplierA
P5648,Windshield,501,109,29,2281.995749513061,SupplierD
P3278,Battery,83,179,7,901.2669756666115,SupplierC
P9219,Motor,162,54,1,3890.018315864343,SupplierD
P8062,Suspension,286,188,10,460.134061917062,SupplierB
P6724,Motor,843,143,9,2211.348865942849,SupplierD
P6895,Inverter,971,50,25,918.5053487146544,SupplierD
P4192,Inverter,932,98,17,3556.3894111497975,SupplierD
P3203,Suspension,718,183,12,2745.538613560841,SupplierD
P4953,Windshield,641,86,20,353.3145024834821,SupplierA
P7262,Inverter,197,108,5,606.2138899076767,SupplierC
P2229,Brake Pad,489,69,21,2451.495699801159,SupplierC
P1125,Motor,216,99,29,4352.799643148109,SupplierC
P8351,Suspension,426,87,20,716.1334078525792,SupplierB
P2969,Motor,891,168,8,4852.569025925625,SupplierA
P7812,Infotainment System,357,54,15,968.0339682921909,SupplierB
P6238,Motor,426,163,18,3127.451476985948,SupplierD
P1302,Infotainment System,880,125,27,4661.648607984192,SupplierB
P4072,Inverter,286,191,21,3368.1604332554457,SupplierA
P9125,Brake Pad,961,112,9,4345.549470885462,SupplierA
P7924,Battery,756,126,9,634.6371956521737,SupplierB
P4173,Windshield,643,151,19,4058.445115512167,SupplierB
P2000,Suspension,850,158,11,1940.7940342204597,SupplierB
P1454,Battery,724,192,1,1895.6615208698495,SupplierC
P3190,Tire,914,109,29,2298.5987508504004,SupplierA
P9927,Battery,290,151,26,2976.6023677356397,SupplierD
P8117,Motor,961,58,3,2757.5819584007177,SupplierD
P3863,Motor,453,166,29,1772.1143553681661,SupplierD
P6252,Motor,303,86,15,2714.652478961704,SupplierC
P9234,Infotainment System,342,119,14,3618.8030735098228,SupplierC
P7570,Tire,20,156,23,4493.9000202166,SupplierA
P6243,Suspension,792,85,11,1962.365093792306,SupplierD
P1140,Windshield,786,83,14,2480.7716200129958,SupplierD
P9564,Brake Pad,493,76,29,4034.8268993800507,SupplierC
P8311,Motor,419,195,2,1435.8576035943154,SupplierD
P3137,Battery,349,56,12,989.047903708572,SupplierA
P4654,Suspension,311,91,24,4818.341688664141,SupplierD
P2798,Windshield,384,169,13,3202.4417404107094,SupplierC
P7284,Suspension,917,167,21,4432.611670407198,SupplierA
P4097,Battery,782,59,24,2114.039502052853,SupplierA
P7295,Infotainment System,48,140,5,1580.0964589904956,SupplierD
P7674,Brake Pad,59,138,18,3856.6150624819893,SupplierB
P4040,Suspension,241,118,15,1252.6543655297255,SupplierD
P2249,Battery,630,198,17,974.3852296160834,SupplierA
P1987,Suspension,159,60,10,1358.7308534640026,SupplierA
P7652,Battery,253,51,3,3025.5298927888894,SupplierB
P7780,Suspension,936,73,28,4111.66457988424,SupplierD
P2241,Windshield,553,81,7,3885.8513645019743,SupplierD
P8843,Inverter,72,185,1,1210.6163709122413,SupplierA
P1707,Tire,560,109,2,3381.052819056413,SupplierD
P4610,Infotainment System,148,57,6,3004.7787591017714,SupplierC
P8979,Tire,57,52,22,3380.4860804711316,SupplierC
P6291,Motor,613,84,2,2287.1265208684467,SupplierD
P1661,Brake Pad,441,85,5,958.9844175525322,SupplierC
P4374,Battery,310,155,25,4126.851575115325,SupplierD
P4719,Brake Pad,514,193,13,687.1621098864671,SupplierC
P7099,Infotainment System,247,157,1,4225.963142444464,SupplierA
P5037,Windshield,977,81,1,3081.5834220329775,SupplierD
P3785,Tire,653,85,1,1214.0507704708841,SupplierA
P3408,Tire,769,124,3,2045.2094336639886,SupplierC
P2689,Brake Pad,465,104,6,4605.020668750645,SupplierC
P5437,Brake Pad,100,61,15,2046.176009403134,SupplierB
P9785,Tire,802,183,3,3971.1491379046006,SupplierD
P8693,Battery,398,198,3,950.2701234338925,SupplierB
P3978,Motor,205,69,18,3240.763178992127,SupplierA
P9984,Tire,821,82,4,3071.2176277235403,SupplierA
P5917,Windshield,380,180,3,2053.4488360843343,SupplierA
P6772,Tire,481,185,21,226.47834405248622,SupplierA
P8340,Brake Pad,11,81,28,1627.8990521177718,SupplierB
P6777,Tire,827,183,29,186.67026710496037,SupplierB
P6179,Suspension,466,80,19,2865.761344326524,SupplierB
P7488,Motor,381,60,18,383.1247488821965,SupplierD
P9648,Suspension,82,186,3,465.68609025170036,SupplierD
P7406,Infotainment System,399,146,4,3202.6291674659738,SupplierD
P7928,Tire,358,173,20,951.3877187452431,SupplierD
P5517,Suspension,689,112,5,4444.360654678287,SupplierB
P1767,Tire,482,56,27,2129.2357873917426,SupplierB
P7140,Windshield,644,179,27,2151.045045957283,SupplierB
P8758,Tire,649,107,24,2723.019644117699,SupplierA
P7356,Motor,241,131,5,4801.925557173064,SupplierD
P9656,Inverter,496,188,21,4237.349705424118,SupplierC
P8961,Windshield,707,83,20,1293.0420451838495,SupplierB
P5839,Inverter,744,91,21,4785.488734179847,SupplierA
P5200,Infotainment System,16,169,9,4719.872592924982,SupplierB
P1571,Infotainment System,28,146,10,4658.562535705336,SupplierD
P9123,Infotainment System,788,77,11,2527.7153069588107,SupplierD
P7869,Infotainment System,944,128,17,426.5949987473808,SupplierD
P8340,Inverter,580,136,5,334.3710199311168,SupplierD
P4456,Tire,434,66,5,2592.0385182931345,SupplierD
P1365,Brake Pad,650,192,19,3340.7159942450307,SupplierD
P9754,Inverter,441,54,5,3335.483326536557,SupplierD
P6439,Motor,549,160,16,4842.514170740649,SupplierC
P4839,Infotainment System,920,122,2,3370.016950427499,SupplierC
P2827,Windshield,835,127,9,3255.13084235154,SupplierB
P5285,Suspension,369,59,21,713.6444951208529,SupplierC
P6607,Motor,373,62,21,4609.456187975098,SupplierD
P9714,Motor,782,66,8,3032.8047208533917,SupplierA
P6784,Infotainment System,826,127,28,2004.3987132862505,SupplierB
P3461,Brake Pad,724,81,19,4445.93201102542,SupplierD
P6341,Suspension,38,61,9,2765.6812379954827,SupplierA
P8165,Tire,637,185,14,3669.6043180919046,SupplierC
P9789,Windshield,234,138,22,2743.825480427975,SupplierA
P4537,Motor,540,76,18,1146.2056949222924,SupplierC
P5183,Brake Pad,460,71,11,3815.106554275033,SupplierA
P9706,Suspension,629,68,23,3475.5379800454443,SupplierC
P7251,Suspension,280,177,5,884.3510112774077,SupplierB
P8353,Infotainment System,583,178,12,3659.6624040537235,SupplierA
P7019,Infotainment System,482,113,10,3322.045532612313,SupplierA
P4081,Tire,895,95,7,3113.3933776715485,SupplierB
P3159,Tire,392,135,10,3828.85472413766,SupplierB
P4083,Battery,973,63,25,4794.560052584963,SupplierA
P3634,Infotainment System,754,119,24,2560.046046093391,SupplierB
P3179,Suspension,380,181,20,3923.958903121645,SupplierB
P1226,Motor,804,103,8,974.0256631059161,SupplierB
P6891,Brake Pad,56,69,17,2982.1911080471136,SupplierD
P4292,Windshield,514,129,26,2851.274481001666,SupplierD
P4959,Windshield,535,131,19,1422.1215286282502,SupplierD
P4390,Windshield,210,199,24,1737.767761610698,SupplierB
P6433,Windshield,116,149,19,2256.9750899819037,SupplierD
P6469,Suspension,112,195,20,406.45691179710536,SupplierD
P2019,Windshield,812,194,6,3217.2690870703404,SupplierD
P3010,Suspension,709,96,14,3761.3759799359846,SupplierC
P4471,Tire,504,110,10,1739.1053148354674,SupplierA
P7397,Windshield,709,130,27,1563.755310584988,SupplierA
P2449,Inverter,301,118,29,2362.4907867006727,SupplierD
P3096,Tire,73,54,4,754.0518648381245,SupplierD
P8462,Motor,930,178,24,3674.590320396744,SupplierB
P1685,Brake Pad,363,106,20,3319.0802657089835,SupplierD
P7868,Windshield,407,157,10,1482.7166659966806,SupplierD
P5998,Inverter,950,63,24,4876.689798627448,SupplierD
P3014,Motor,728,119,12,866.270841576895,SupplierD
P3643,Motor,249,156,25,1795.0101927583019,SupplierB
P5000,Inverter,518,119,15,206.93464419989857,SupplierD
P2171,Infotainment System,654,198,10,4156.555039078647,SupplierD
P7285,Battery,164,107,21,1356.9973059768142,SupplierC
P4670,Motor,932,98,19,1612.6238425286567,SupplierA
P7588,Battery,160,166,4,2148.150675965373,SupplierA
P1597,Suspension,288,130,24,662.3674721591656,SupplierB
P7171,Motor,42,135,17,2763.337264978966,SupplierB
P2517,Windshield,609,114,10,912.2952468000511,SupplierB
P4137,Motor,97,193,16,2354.795095993354,SupplierC
P9535,Suspension,935,87,28,1844.2695315947783,SupplierC
P2727,Inverter,830,98,7,4373.464930110135,SupplierB
P6774,Infotainment System,743,128,22,891.9370753007701,SupplierB
P8548,Battery,679,107,28,3882.861133918953,SupplierC
P3113,Battery,759,180,8,1483.9114035639075,SupplierB
P3274,Windshield,678,72,25,2047.1688133780508,SupplierC
P7852,Inverter,778,61,10,560.7769117279051,SupplierD
P1475,Battery,163,134,8,4009.779382117881,SupplierC
P9078,Infotainment System,237,153,18,873.9786318932053,SupplierD
P4525,Brake Pad,385,56,16,4300.178359293889,SupplierC
P1282,Motor,874,89,6,789.4864874389162,SupplierA
P6110,Infotainment System,519,150,28,4119.849786499969,SupplierA
P3307,Windshield,965,159,22,4298.682286767961,SupplierA
P8183,Battery,574,158,23,699.926101958811,SupplierB
P5364,Motor,259,151,26,2194.699470811014,SupplierC
P4711,Inverter,836,74,3,2684.258148401114,SupplierA
P8833,Windshield,644,58,20,4599.219198151599,SupplierB
P8544,Inverter,449,157,12,1638.8978954643867,SupplierD
P1587,Brake Pad,797,70,28,4147.293242269601,SupplierB
P2715,Motor,40,100,15,1037.1760477814748,SupplierC
P8096,Suspension,175,177,22,3716.538704358734,SupplierD
P2674,Windshield,782,140,3,252.46643959505266,SupplierA
P7049,Motor,482,96,7,918.9468562089842,SupplierD
P7144,Infotainment System,758,136,3,3501.337810198172,SupplierA
P6925,Suspension,190,70,3,3839.460927168558,SupplierA
P9179,Windshield,995,194,7,4056.2405486657617,SupplierD
P8374,Motor,114,183,27,100.9231578272513,SupplierC
P4674,Motor,887,95,6,1210.9788763252022,SupplierA
P6661,Suspension,845,133,17,305.92090833988595,SupplierD
P5249,Windshield,726,199,16,3567.672799020032,SupplierB
P3946,Motor,274,77,20,4910.813596977076,SupplierB
P8230,Battery,762,173,23,2710.1118451316192,SupplierC
P3990,Brake Pad,397,169,6,689.2114099072106,SupplierD
P1285,Battery,319,169,20,1576.199777724002,SupplierC
P2762,Battery,954,127,9,335.8998962939319,SupplierD
P1987,Infotainment System,513,154,29,3006.785693526183,SupplierA
P4198,Suspension,694,65,29,4206.945699404429,SupplierD
P6154,Inverter,575,99,21,2655.0838763135885,SupplierA
P8851,Battery,200,186,4,4355.902380969415,SupplierB
P1727,Infotainment System,64,57,13,3502.807235040473,SupplierD
P7581,Brake Pad,173,96,15,3049.4248119741446,SupplierB
P7748,Windshield,231,70,19,2281.705950195462,SupplierA
P4740,Inverter,131,104,7,745.2978485129887,SupplierD
P6525,Brake Pad,940,116,22,1387.1106487333934,SupplierD
P2185,Inverter,950,154,1,1417.8988345497082,SupplierB
P8429,Windshield,664,194,29,2415.2174395319166,SupplierB
P5378,Infotainment System,466,173,10,4860.510185415148,SupplierA
P3800,Inverter,423,191,3,2292.5938924800435,SupplierD
P6808,Tire,700,98,14,342.53458211896645,SupplierD
P5650,Brake Pad,891,146,26,2367.974579577668,SupplierA
P2968,Infotainment System,317,155,11,317.5000836371867,SupplierA
P2800,Infotainment System,548,98,9,4109.212676866413,SupplierA
P3866,Inverter,934,90,7,2518.3782436665815,SupplierC
P2517,Inverter,906,126,14,909.4993027554658,SupplierD
P9210,Brake Pad,583,158,12,3405.578479289459,SupplierA
P7246,Brake Pad,249,57,25,3218.3667138986943,SupplierC
P4741,Tire,430,133,18,1357.8017187192247,SupplierD
P1989,Battery,638,131,5,693.0225023774459,SupplierD
P1935,Brake Pad,112,125,26,1673.2973757265456,SupplierA
P6889,Suspension,796,154,10,1873.4079551055383,SupplierC
P5658,Windshield,712,170,7,4381.12310798509,SupplierD
P2628,Windshield,386,193,8,4118.061882684844,SupplierA
P3466,Inverter,832,104,13,2056.9068671339855,SupplierA
P5669,Battery,126,72,24,3296.2290781005045,SupplierD
P2130,Motor,419,148,13,1449.3677538515508,SupplierA
P4259,Brake Pad,865,81,3,2305.6044697914676,SupplierD
P7990,Battery,62,72,8,4459.294961786075,SupplierD
P2141,Brake Pad,379,83,24,911.5789004385002,SupplierC
P4267,Tire,567,114,1,4738.557726568377,SupplierC
P4273,Brake Pad,913,175,11,1624.9657258106286,SupplierB
P9767,Tire,391,165,24,4941.3762341624,SupplierA
P2054,Brake Pad,624,158,18,2479.3895283310494,SupplierD
P4415,Inverter,578,124,13,1982.612893630421,SupplierC
P8597,Windshield,362,100,18,1634.7106792438526,SupplierA
P1910,Tire,541,171,29,1914.9452327490017,SupplierD
P9036,Inverter,86,183,4,4974.804067990675,SupplierA
P3416,Tire,76,108,15,842.7630350624117,SupplierA
P4807,Infotainment System,277,117,5,855.3107115745868,SupplierA
P2932,Motor,364,135,21,4184.884813494169,SupplierC
P2439,Tire,562,134,14,3419.1978754417123,SupplierA
P9491,Inverter,358,117,19,909.6860471687557,SupplierC
P7626,Tire,110,147,11,1115.814115619034,SupplierA
P7416,Inverter,763,131,8,1696.533276065804,SupplierD
P7905,Inverter,164,134,8,293.35171116540664,SupplierA
P3660,Brake Pad,885,196,27,4556.327593592486,SupplierC
P2708,Suspension,139,198,22,3973.4979919469365,SupplierD
P8684,Battery,183,69,9,4397.743846989126,SupplierD
P1882,Inverter,665,97,12,2468.6964362684184,SupplierD
P8166,Suspension,761,151,11,1095.7931463218276,SupplierD
P3454,Suspension,922,131,28,4154.842718320885,SupplierC
P3819,Suspension,364,97,9,391.41068744967583,SupplierA
P9016,Battery,880,145,8,406.04220873345,SupplierB
P6442,Inverter,836,62,15,3170.30330435673,SupplierC
P9182,Infotainment System,113,71,29,249.69233975756185,SupplierC
P4637,Motor,809,113,21,1857.706074543366,SupplierB
P4735,Inverter,695,79,25,3987.630670096204,SupplierC
P8537,Infotainment System,793,162,8,1543.6350420963465,SupplierC
P2088,Brake Pad,24,86,1,438.24475035046316,SupplierA
P9068,Brake Pad,127,176,1,4245.015054420887,SupplierB
P4175,Suspension,264,83,14,1473.6388578784524,SupplierD
P9605,Suspension,357,124,3,2790.7386477581463,SupplierB
P1187,Tire,684,83,13,4780.064515729337,SupplierC
P9549,Infotainment System,65,194,23,4226.164743253038,SupplierD
P8823,Windshield,187,115,2,3579.5392764663625,SupplierD
P3555,Motor,294,185,23,4653.217462796084,SupplierB
P6686,Inverter,629,102,7,1207.5420892983987,SupplierA
P6789,Tire,780,70,19,1853.2890121563894,SupplierA
P1182,Suspension,543,123,10,4125.016759048707,SupplierB
P9851,Infotainment System,881,63,18,3598.36789928229,SupplierD
P9244,Infotainment System,846,71,4,800.0922105631174,SupplierC
P7919,Motor,11,168,14,4421.761631636015,SupplierD
P8016,Brake Pad,560,128,25,100.65999572197806,SupplierB
P2884,Motor,785,145,22,3564.1847885330094,SupplierC
P7056,Windshield,324,170,29,4661.348123097961,SupplierA
P3624,Inverter,658,186,27,4346.085110570526,SupplierD
P3224,Windshield,623,105,12,3408.1862996333734,SupplierA
P9662,Motor,924,109,27,4236.81864178851,SupplierC
P7318,Suspension,724,198,11,3365.2885265332116,SupplierA
P4607,Brake Pad,522,66,4,3542.4484575205543,SupplierB
P6832,Tire,851,189,5,336.11146072715155,SupplierA
P6621,Infotainment System,870,77,9,2432.241881957114,SupplierD
P6777,Infotainment System,973,154,28,4308.887758561084,SupplierA
P3257,Tire,396,149,2,1138.7708680234246,SupplierA
P4237,Inverter,821,149,13,3794.712871149073,SupplierA
P9353,Battery,727,57,7,716.0489180619085,SupplierC
P7469,Brake Pad,939,198,28,3594.713728084827,SupplierB
P6184,Brake Pad,532,62,25,4134.216206121518,SupplierB
P2673,Tire,43,96,21,3471.4177747964677,SupplierA
P4748,Windshield,791,51,22,3575.9765387282155,SupplierB
P1674,Battery,386,160,6,2701.59462421926,SupplierB
P5979,Infotainment System,540,171,28,2048.473140000977,SupplierA
P4923,Suspension,155,65,15,1177.046209233631,SupplierD
P3745,Brake Pad,794,183,7,186.00658049648166,SupplierA
P9224,Suspension,953,56,20,3245.1137983912413,SupplierD
P1719,Inverter,372,184,4,4250.5980522211075,SupplierA
P3207,Inverter,775,94,22,846.406149747126,SupplierD
P9386,Tire,488,147,2,2471.977641579988,SupplierC
P6243,Suspension,939,53,26,4952.023578579345,SupplierC
P7683,Windshield,232,66,27,3655.5732813446375,SupplierC
P1025,Battery,393,94,19,820.1172769822274,SupplierA
P7599,Infotainment System,67,144,28,3249.8126825208537,SupplierA
P2072,Suspension,563,151,24,3652.407732627857,SupplierA
P3606,Suspension,488,75,17,4659.973343748032,SupplierD
P6939,Battery,458,103,1,4793.877193178175,SupplierC
P3783,Tire,121,70,14,473.5721680704659,SupplierB
P3645,Windshield,209,127,10,983.5088835716128,SupplierC
P2757,Inverter,989,55,29,2458.533545024758,SupplierA
P9811,Battery,720,124,13,2683.4400376941717,SupplierC
P3743,Infotainment System,698,139,25,1173.6756494026984,SupplierA
P8186,Suspension,310,151,22,163.84488200971037,SupplierB
P1619,Inverter,796,108,29,4724.137804819082,SupplierC
P9436,Infotainment System,449,57,13,4285.687341070254,SupplierB
P4423,Brake Pad,494,143,1,2345.349786924886,SupplierA
P4667,Infotainment System,753,135,29,2544.5887562261155,SupplierA
P3468,Motor,547,150,28,4638.3509353157315,SupplierB
P4326,Inverter,980,153,2,2621.9497238950507,SupplierD
P6722,Windshield,612,170,29,2456.361718354744,SupplierA
P2196,Motor,739,58,22,2049.3994649605693,SupplierC
P7689,Inverter,128,138,29,2459.591767351686,SupplierC
P3451,Tire,605,148,17,2277.3902112834203,SupplierB
P3765,Battery,273,165,29,2863.962741284237,SupplierC
P2105,Brake Pad,960,163,1,1038.8054341006464,SupplierA
P4699,Suspension,265,108,11,3783.683647891557,SupplierA
P2913,Battery,400,71,2,3429.794642956151,SupplierA
P3780,Brake Pad,708,188,24,2942.4352898803277,SupplierC
P2132,Brake Pad,198,96,23,4737.636914436986,SupplierD
P8812,Tire,461,181,23,2434.045093175384,SupplierC
P4180,Tire,903,90,16,1724.6670254292494,SupplierC
P5570,Brake Pad,889,64,3,2583.9101460129896,SupplierC
P4607,Infotainment System,3,116,2,4391.827109233579,SupplierC
P4252,Infotainment System,627,72,13,284.09834295464617,SupplierB
P5276,Windshield,680,106,29,2141.1725595632315,SupplierB
P6445,Tire,824,187,8,1208.0141231233924,SupplierB
P4156,Tire,211,52,19,354.31462357781413,SupplierD
P4109,Inverter,510,190,23,3087.1919571188196,SupplierB
P3749,Tire,536,161,27,1430.049030407581,SupplierA
P5591,Inverter,46,167,4,4925.806173536132,SupplierD
P6141,Tire,309,198,8,3338.9698458118696,SupplierC
P4273,Infotainment System,442,58,17,4765.886749918213,SupplierB
P3832,Brake Pad,559,160,25,736.712724112912,SupplierA
P3800,Battery,190,100,4,4864.8579952965065,SupplierC
P8361,Infotainment System,782,145,7,2362.4091046842836,SupplierA
P1406,Motor,166,175,25,1442.950787776736,SupplierC
P1680,Tire,72,190,6,1744.4912259222292,SupplierD
P3292,Inverter,336,112,17,3662.5781319154116,SupplierC
P3230,Infotainment System,64,130,3,2464.252059153267,SupplierD
P2567,Infotainment System,127,195,17,223.44772840022387,SupplierD
P4490,Infotainment System,77,107,1,4854.25983765768,SupplierA
P7871,Inverter,924,132,6,2777.5085487814517,SupplierA
P6287,Inverter,192,76,16,4326.938308630977,SupplierA
P2855,Windshield,482,196,12,1210.96417341682,SupplierC
P2481,Battery,659,144,4,3162.643011817508,SupplierB
P4093,Inverter,312,121,7,1633.029488190137,SupplierC
P8951,Suspension,594,121,28,1015.880758981462,SupplierD
P4197,Tire,330,182,27,2117.111756237842,SupplierB
P4168,Tire,568,127,5,434.9306815187972,SupplierC
P4104,Windshield,49,161,9,3458.6750277873175,SupplierA
P9058,Motor,989,96,7,4727.798055202087,SupplierA
P4765,Suspension,590,63,23,2149.835934101173,SupplierB
P8644,Infotainment System,403,78,24,1453.9636314826828,SupplierB
P5456,Battery,391,111,29,4887.81074195271,SupplierB
P1517,Motor,324,111,9,3715.6364256895704,SupplierB
P4802,Battery,203,120,27,3066.865079150583,SupplierB
P9399,Motor,635,73,10,3479.916361315794,SupplierB
P2518,Windshield,19,90,22,3509.40764051168,SupplierC
P4554,Suspension,833,102,2,3548.5823238534877,SupplierB
P2742,Inverter,777,122,1,3393.074589886042,SupplierB
P5195,Inverter,507,51,29,953.0002090260034,SupplierC
P7409,Tire,78,108,22,4701.379770239217,SupplierA
P2271,Windshield,867,147,25,347.39582762079885,SupplierA
P5396,Brake Pad,6,98,9,2306.2458061001626,SupplierA
P8817,Brake Pad,72,95,10,3723.100326173428,SupplierB
P9367,Windshield,656,123,18,3739.84237704095,SupplierB
P4490,Brake Pad,506,134,25,2226.7027662729183,SupplierC
P4676,Inverter,72,196,24,1222.9425609493944,SupplierC
P3424,Battery,169,88,17,4110.010875758553,SupplierC
P6166,Infotainment System,574,159,5,478.0113258439511,SupplierB
P9252,Motor,962,111,26,3025.769273914927,SupplierD
P2629,Infotainment System,502,187,18,4044.9425606287473,SupplierC
P6283,Inverter,318,126,24,1081.3818875513668,SupplierB
P1869,Battery,887,140,14,1528.3291305262421,SupplierB
P1489,Battery,72,183,11,2737.826521952996,SupplierA
P5027,Brake Pad,864,86,9,271.5387825533477,SupplierC
P3817,Tire,569,156,27,3556.758068389083,SupplierB
P1679,Brake Pad,625,156,5,3941.5380575778418,SupplierB
P9033,Suspension,661,188,26,207.37531099754386,SupplierD
P9326,Tire,874,103,24,4642.842081406294,SupplierC
P8296,Suspension,2,170,1,4627.731665086091,SupplierA
P6103,Tire,644,141,21,3759.2055337152183,SupplierC
P3668,Suspension,595,132,3,4048.638209827382,SupplierA
P1195,Brake Pad,443,76,24,2811.5629205421633,SupplierA
P9468,Tire,318,171,20,4375.915432479493,SupplierA
P3591,Suspension,863,182,4,3197.86132899435,SupplierA
P3854,Infotainment System,96,162,21,4527.4363728193985,SupplierB
P3594,Suspension,661,167,5,3417.009836684503,SupplierA
P7219,Suspension,975,106,22,1550.1201554074173,SupplierC
P2700,Suspension,652,95,20,1225.0309876944464,SupplierC
P6164,Battery,246,153,21,3621.824127482298,SupplierB
P5757,Windshield,288,175,11,3688.827937582076,SupplierC
P8117,Motor,649,164,4,680.2336919620662,SupplierB
P8178,Windshield,678,96,22,1411.2439144223667,SupplierB
P4453,Brake Pad,663,121,11,2828.70437154327,SupplierC
P4360,Windshield,480,68,3,3512.5060544769253,SupplierC
P6097,Battery,924,147,19,2778.757749986515,SupplierA
P5188,Infotainment System,238,97,17,2528.9483761362662,SupplierA
P5390,Infotainment System,855,75,17,1110.6353577971477,SupplierA
P6126,Motor,816,152,21,3904.7975829899888,SupplierB
P7314,Battery,250,180,15,4439.536844784689,SupplierC
P4893,Brake Pad,72,169,24,4196.9767457155185,SupplierA
P7773,Battery,198,132,19,4289.372695851224,SupplierA
P5994,Inverter,692,79,25,4037.3345313667564,SupplierC
P9575,Infotainment System,193,185,22,2448.3744405812336,SupplierC
P7328,Infotainment System,291,128,28,2773.3673950788243,SupplierA
P5780,Motor,833,126,13,4947.1669943929755,SupplierD
P7079,Tire,634,116,19,443.01720945202226,SupplierB
P6951,Infotainment System,58,111,4,2374.768746722202,SupplierD
P3890,Motor,478,156,27,1958.2100321842,SupplierB
P1670,Brake Pad,481,110,24,2787.2538986684567,SupplierA
P6255,Battery,249,107,5,2653.2586334911007,SupplierB
P3854,Infotainment System,313,148,5,1115.4872688675036,SupplierD
P4612,Inverter,582,141,9,1800.1170326993363,SupplierB
P3972,Motor,400,193,23,3066.5176117871774,SupplierA
P9995,Motor,484,111,10,1603.832114653393,SupplierA
P4340,Inverter,53,65,8,2983.6741822790455,SupplierA
P8404,Inverter,385,143,12,3649.2875910147445,SupplierC
P4278,Infotainment System,592,51,18,1975.7139457383003,SupplierB
P5886,Motor,317,162,6,2712.9318564676023,SupplierC
P3725,Inverter,221,110,1,2690.7496535823348,SupplierD
P5251,Tire,377,159,13,3308.0744692458657,SupplierC
P8957,Motor,998,181,23,4918.19771841049,SupplierD
P4940,Brake Pad,203,77,8,252.6305546876162,SupplierC
P3581,Windshield,892,198,3,4139.2017702084195,SupplierD
P4191,Windshield,689,183,25,4499.804016092562,SupplierC
P9092,Suspension,103,126,6,562.2043888261137,SupplierD
P3378,Battery,181,174,6,565.0978904261816,SupplierD
P9490,Tire,798,140,29,4304.314027935423,SupplierA
P8002,Inverter,350,192,16,2114.8384381734713,SupplierA
P3850,Brake Pad,458,198,19,2089.457828359942,SupplierB
P7644,Inverter,597,163,17,3835.282860054704,SupplierD
P4839,Inverter,441,148,3,3160.608835761205,SupplierA
P1067,Tire,540,176,19,2267.2396467105627,SupplierB
P1572,Inverter,664,69,16,3024.574196750021,SupplierD
P1650,Windshield,993,77,5,3202.056002147614,SupplierA
P6780,Brake Pad,561,181,22,4041.6288924196197,SupplierD
P8845,Battery,13,81,11,4180.876319158471,SupplierC
P7837,Motor,887,124,21,3195.053223906169,SupplierC
P2448,Inverter,510,138,9,442.0232076116817,SupplierB
P7982,Brake Pad,192,192,8,3555.1818132957605,SupplierB
P8086,Battery,92,191,18,193.80985318449973,SupplierD
P9566,Inverter,42,61,8,4033.7735806400524,SupplierB
P3690,Brake Pad,183,139,13,853.0861099366023,SupplierA
P3789,Motor,803,75,11,3004.91688448974,SupplierD
P4882,Windshield,659,57,29,2174.3422063506678,SupplierB
P5735,Brake Pad,627,193,14,3329.3225096479387,SupplierC
P1975,Tire,954,137,9,4986.465709527653,SupplierD
P2257,Battery,750,168,25,2378.546635879495,SupplierC
P4805,Windshield,275,173,7,2233.4288662611043,SupplierD
P4856,Infotainment System,809,143,29,517.0070819869482,SupplierC
P7065,Suspension,363,107,2,2427.259729792366,SupplierB
P3775,Motor,927,101,15,821.6502614052455,SupplierC
P8972,Windshield,807,121,8,142.66012060646352,SupplierC
P7026,Windshield,191,185,29,1239.2793618183728,SupplierD
P1649,Suspension,539,98,4,3402.571619914079,SupplierD
P5131,Tire,793,135,4,819.9174255604768,SupplierD
P3430,Infotainment System,894,169,23,583.0563424098204,SupplierC
P8542,Inverter,987,95,5,2444.6309696542135,SupplierB
P2447,Infotainment System,237,148,12,1440.838047517781,SupplierB
P6462,Battery,64,106,23,379.19576228710457,SupplierD
P9417,Battery,789,190,25,2914.0091179420338,SupplierC
P6067,Infotainment System,912,192,10,1637.9899339401054,SupplierC
P5774,Tire,848,81,9,4708.05411577366,SupplierB
P8124,Motor,844,125,12,3466.4918378541547,SupplierD
P1226,Infotainment System,17,193,23,3522.8000635247718,SupplierC
P3535,Tire,876,130,17,959.9089741686512,SupplierC
P2881,Windshield,606,103,4,4854.153187632896,SupplierD
P2695,Inverter,485,169,28,909.9812020760103,SupplierC
P8579,Inverter,236,199,29,2925.408634935617,SupplierC
P9263,Windshield,184,55,14,1338.7123756772878,SupplierB
P5482,Infotainment System,698,125,17,3674.3724721751523,SupplierA
P6374,Tire,701,101,25,223.6629946564946,SupplierC
P5820,Motor,595,176,22,3783.2132429123044,SupplierA
P3985,Motor,944,69,20,3776.302243300327,SupplierB
P3979,Battery,896,192,13,559.5049786593809,SupplierB
P6447,Motor,730,158,23,1528.15847611959,SupplierD
P1314,Motor,110,62,7,131.53253633429898,SupplierD
P6592,Tire,271,168,2,3826.0791272441115,SupplierC
P4357,Suspension,12,145,18,2049.5419447853933,SupplierB
P3828,Inverter,980,143,21,322.7172521354002,SupplierA
P7771,Suspension,200,157,21,346.19074813261244,SupplierD
P8069,Battery,824,101,9,4211.983935403463,SupplierA
P3786,Inverter,97,58,15,2381.8444546351698,SupplierA
P8117,Battery,952,185,8,4619.600674883504,SupplierD
P4303,Motor,701,164,11,2885.4780026889057,SupplierC
P7416,Battery,415,134,8,4652.809114337268,SupplierB
P9100,Tire,191,103,8,3898.6958539912516,SupplierC
P7999,Battery,148,164,2,3372.5527428339856,SupplierC
P5763,Inverter,272,55,19,1042.3184905647745,SupplierD
P8538,Brake Pad,579,92,4,4820.465570185585,SupplierD
P8737,Infotainment System,976,154,4,3151.1787506540077,SupplierB
P7226,Motor,251,148,14,486.80307443812217,SupplierC
P5891,Battery,937,97,8,2750.914204745546,SupplierD
P5567,Infotainment System,369,181,6,402.8614573771909,SupplierA
P1183,Brake Pad,286,168,14,2299.0161395736122,SupplierC
P6698,Motor,919,167,10,4533.355074232578,SupplierD
P9002,Infotainment System,4,76,16,3942.610254389808,SupplierC
P7305,Suspension,350,133,12,4554.95879386257,SupplierC
P3230,Infotainment System,128,138,2,1004.6990410021092,SupplierB
P6552,Brake Pad,725,165,6,3442.5504916520113,SupplierB
P1249,Windshield,947,95,25,905.5870924865058,SupplierA
P3672,Inverter,111,157,15,174.36672320545182,SupplierC
P9721,Tire,987,153,23,3528.4805543876714,SupplierD
P8409,Motor,344,110,5,583.8123137250627,SupplierA
P1310,Tire,55,151,29,1208.7487290013391,SupplierC
P8616,Infotainment System,699,100,11,2708.230192162127,SupplierD
P5006,Motor,716,172,8,1552.152306215113,SupplierA
P8036,Windshield,731,171,9,255.71457335088976,SupplierB
P7100,Infotainment System,494,80,20,233.52505855899406,SupplierA
P6558,Windshield,551,150,15,2914.740103773808,SupplierA
P7837,Motor,404,128,17,474.5553190932936,SupplierC
P3028,Infotainment System,7,66,17,2830.8218190401117,SupplierA
P9848,Windshield,848,127,13,4220.452680974245,SupplierB
P8693,Suspension,71,192,22,3833.229698125975,SupplierA
P3462,Tire,674,109,6,3428.07584088573,SupplierB
P8984,Suspension,216,75,15,2430.4213399278406,SupplierD
P5485,Windshield,570,195,4,2854.725174216173,SupplierB
P8566,Inverter,574,130,3,1837.8644044269058,SupplierD
P9095,Motor,431,93,8,1666.2950709311065,SupplierA
P2073,Battery,354,81,4,2124.5453343178256,SupplierB
P2956,Infotainment System,462,117,8,868.3822560523479,SupplierD
P5524,Motor,283,145,13,3579.562355052669,SupplierC
P1757,Infotainment System,791,64,11,1385.480537226634,SupplierC
P1961,Infotainment System,582,157,19,1960.1221458131843,SupplierA
P8119,Inverter,797,195,18,3419.446549018643,SupplierA
P1422,Brake Pad,609,175,13,3324.4694209199815,SupplierB
P9069,Infotainment System,633,157,4,3863.8280740663226,SupplierB
P9479,Motor,145,64,8,2782.6103003253615,SupplierA
P2764,Motor,211,55,16,4433.340237233192,SupplierC
P4177,Inverter,810,194,4,1689.294457705773,SupplierA
P1808,Inverter,900,84,22,748.7826061326275,SupplierB
P3806,Inverter,972,52,9,3057.2911518554924,SupplierC
P1224,Motor,112,122,23,421.8913707993302,SupplierA
P4246,Tire,46,165,23,2144.247750966425,SupplierD
P3017,Tire,247,161,15,3810.6865935499536,SupplierB
P4561,Battery,493,107,23,4044.322278956347,SupplierA
P9307,Infotainment System,737,59,3,1251.4719599199889,SupplierA
P7548,Windshield,684,184,23,1396.1274395453074,SupplierB
P6695,Motor,843,170,10,4641.8900970224295,SupplierC
P6450,Infotainment System,240,67,3,240.39689513050712,SupplierB
P7799,Windshield,952,157,11,1601.5208312465206,SupplierD
P3345,Brake Pad,699,126,4,4871.622025450032,SupplierB
P5922,Inverter,282,128,8,4530.792127897069,SupplierC
P5670,Infotainment System,891,61,13,4178.581344338875,SupplierA
P1464,Infotainment System,803,57,5,540.5895998125412,SupplierD
P3843,Windshield,860,125,5,509.27208193209196,SupplierD
P6901,Motor,70,173,29,2266.324469930628,SupplierC
P4982,Brake Pad,430,68,13,2902.7798035896044,SupplierD
P7308,Inverter,310,78,20,3696.13634730916,SupplierC
P4969,Windshield,223,65,18,377.7341176125935,SupplierD
P1044,Inverter,470,83,13,1307.9475376261166,SupplierB
P7364,Brake Pad,533,160,4,698.3464280290109,SupplierC
P7382,Suspension,440,197,9,2773.3523967811257,SupplierB
P2873,Tire,915,136,11,1866.325075193614,SupplierB
P2859,Tire,299,83,13,4963.650797890041,SupplierB
P5675,Inverter,489,177,3,2931.254546230315,SupplierA
P3462,Inverter,606,81,2,2228.3713408919666,SupplierB
P1129,Motor,315,66,16,3259.8199917934016,SupplierC
P1244,Suspension,106,137,1,732.9547816912409,SupplierA
P4398,Motor,878,99,12,296.68040951829596,SupplierA
P2371,Infotainment System,320,96,28,3926.504846291843,SupplierC
P6505,Motor,791,53,12,398.93500072643496,SupplierC
P8498,Tire,194,61,3,3414.7703726509617,SupplierA
P3229,Motor,816,193,2,2919.259948332583,SupplierB
P8845,Brake Pad,792,145,29,2373.926778082073,SupplierB
P6856,Tire,360,167,10,1330.292507959322,SupplierB
P2260,Windshield,184,156,27,3697.3411693040666,SupplierB
P6593,Battery,321,61,8,719.2934697877688,SupplierB
P9713,Infotainment System,504,69,7,3193.73909763643,SupplierA
P2409,Suspension,568,127,2,347.0421906508251,SupplierD
P3172,Suspension,279,198,10,2778.8120086520653,SupplierA
P8825,Infotainment System,909,177,26,2092.293633061414,SupplierD
P6573,Brake Pad,684,71,14,3945.371440942441,SupplierA
P5535,Battery,95,197,18,2947.8575762326873,SupplierC
P9671,Tire,122,193,27,4629.00664689384,SupplierA
P6874,Windshield,742,189,16,4523.257001182245,SupplierC
P3364,Suspension,557,81,15,562.6525985363567,SupplierA
P7638,Brake Pad,609,54,13,4481.899079456429,SupplierC
P1615,Infotainment System,890,128,11,100.15052234237383,SupplierC
P9976,Brake Pad,82,159,22,551.28389557799,SupplierD
P1935,Tire,250,84,5,2620.8605059254814,SupplierB
P8774,Windshield,961,118,28,1206.0658468117244,SupplierD
P9832,Brake Pad,939,136,11,4165.642044975959,SupplierB
P2367,Inverter,924,103,26,422.47762738382477,SupplierD
P2581,Inverter,192,176,26,2434.6602290730575,SupplierA
P6968,Motor,924,133,6,3002.276718204269,SupplierD
P3994,Battery,130,157,12,2905.9499802663645,SupplierD
P4144,Suspension,771,68,6,553.2521459009225,SupplierC
P9844,Tire,187,135,28,2270.865161054335,SupplierA
P6162,Inverter,967,91,26,629.4183409443948,SupplierB
P1298,Tire,923,186,20,3294.314241256057,SupplierD
P7578,Brake Pad,206,60,26,1548.7586924309337,SupplierC
P3657,Inverter,274,183,14,3033.116026282887,SupplierA
P9105,Brake Pad,576,148,8,2769.383912215665,SupplierD
P4957,Suspension,375,56,11,4547.903622569812,SupplierD
P8833,Windshield,877,189,11,4713.726578396276,SupplierA
P4892,Infotainment System,719,170,13,3855.983849485973,SupplierB
P4637,Battery,115,167,4,2040.0924083601542,SupplierA
P9557,Motor,522,141,22,2797.3117078044083,SupplierA
P9982,Motor,539,160,25,1951.4121472632146,SupplierB
P8008,Brake Pad,781,127,3,3324.700868476811,SupplierA
P2773,Windshield,499,142,13,664.2162741364856,SupplierD
P1946,Windshield,617,96,21,2265.963762562505,SupplierD
P9697,Windshield,319,136,25,4708.469369109072,SupplierB
P2192,Motor,649,184,16,2950.5095723638146,SupplierB
P7106,Brake Pad,672,50,12,2019.538007755163,SupplierB
P2539,Battery,643,53,1,305.62395987380796,SupplierB
P5386,Infotainment System,764,85,18,2696.854671004961,SupplierC
P6402,Infotainment System,845,170,18,943.2215590178695,SupplierA
P9750,Inverter,186,80,4,3110.5600364134866,SupplierC
P5399,Windshield,985,88,9,4159.349487601055,SupplierB
P2301,Inverter,65,157,12,4160.399239979617,SupplierB
P1692,Suspension,454,50,26,4939.972741586023,SupplierB
P7533,Windshield,43,135,19,2629.7881660686025,SupplierC
P8933,Tire,541,82,10,4067.4076777028577,SupplierB
P1861,Inverter,422,186,22,522.0474814120337,SupplierC
P2184,Inverter,701,166,15,3090.8497270598054,SupplierC
P4956,Brake Pad,949,67,3,1027.4898649884462,SupplierB
P1421,Tire,185,157,27,1064.7505717008494,SupplierC
P5675,Inverter,721,162,2,4018.9384857843384,SupplierB
P2473,Brake Pad,382,183,10,3943.586818742707,SupplierA
P6882,Infotainment System,862,191,7,3064.938640848638,SupplierD
P9456,Motor,428,199,5,3061.3606666023784,SupplierB
P4124,Infotainment System,442,123,27,3365.957685795871,SupplierC
P9134,Tire,122,160,3,1003.8493501934284,SupplierD
P9220,Suspension,34,55,12,2049.187860552581,SupplierA
P4138,Infotainment System,519,171,20,2424.7309787416016,SupplierC
P1556,Infotainment System,854,65,13,4973.451746272774,SupplierA
P4899,Windshield,332,120,15,3911.2750978464087,SupplierB
P4496,Windshield,407,162,5,2310.846638108546,SupplierB
P2231,Windshield,711,162,25,4690.946532282581,SupplierA
P2689,Windshield,367,127,9,913.7667764342171,SupplierC
P6649,Windshield,140,92,14,1500.9126154788917,SupplierC
P2342,Battery,91,105,27,3853.2607167903775,SupplierA
P8235,Windshield,248,116,26,3036.8626527066117,SupplierD
P6911,Infotainment System,486,143,13,1260.927570093945,SupplierA
P2141,Motor,366,131,2,2979.7153896089753,SupplierA
P5270,Suspension,587,163,15,1814.695482496499,SupplierC
P6266,Inverter,998,102,26,4384.105937271695,SupplierB
P5658,Inverter,886,68,18,4071.2942643557835,SupplierD
P6979,Brake Pad,698,82,19,2657.2332079739217,SupplierD
P4197,Battery,36,148,2,3296.148043405346,SupplierD
P3639,Windshield,844,175,23,2885.9060524625993,SupplierB
P7671,Brake Pad,418,95,8,877.8101405341167,SupplierC
P3261,Tire,793,134,25,2104.517228310893,SupplierB
P5758,Inverter,63,136,11,3533.5550542928927,SupplierD
P2181,Tire,490,195,23,1294.62949477988,SupplierA
P6014,Inverter,812,137,19,4154.7438340148,SupplierC
P1681,Suspension,49,133,27,1379.695919303215,SupplierA
P5340,Tire,824,80,21,3701.6234123301347,SupplierD
P7772,Brake Pad,400,77,9,995.480713338436,SupplierB
P9488,Windshield,330,87,6,217.33669982536912,SupplierB
P3881,Infotainment System,770,166,3,398.4194721875173,SupplierC
P7079,Battery,883,174,24,2654.747405221332,SupplierB
P3048,Brake Pad,152,175,11,2981.6588242666903,SupplierD
P1220,Inverter,918,74,16,1549.1630567156012,SupplierA
P8209,Inverter,480,129,12,3974.3863993108225,SupplierB
P9536,Tire,44,183,21,2189.8487614851197,SupplierD
P8016,Infotainment System,490,88,10,3886.0878418280163,SupplierA
P7899,Motor,955,137,20,1865.8399125795363,SupplierC
P1515,Suspension,167,58,13,4013.413323747519,SupplierD
P1271,Suspension,610,170,20,3564.374941935695,SupplierA
P1787,Suspension,657,160,2,4098.787307482421,SupplierD
P6033,Tire,329,144,9,4410.786771242284,SupplierD
P8533,Infotainment System,520,166,11,1181.1901921465676,SupplierA
P8465,Tire,163,169,13,3406.9766949653585,SupplierB
P8675,Infotainment System,72,101,7,1631.7303220506706,SupplierD
P1571,Suspension,614,89,7,510.25219544220715,SupplierA
P1178,Tire,734,138,18,1709.9349344404125,SupplierC
P5588,Motor,664,62,26,2917.796809948192,SupplierB
P2605,Inverter,697,148,18,1112.246979486726,SupplierD
P9516,Inverter,725,108,28,1418.891697858983,SupplierC
P4389,Infotainment System,383,154,4,3995.7842862700427,SupplierD
P7326,Windshield,944,151,4,1945.714558104366,SupplierC
P2167,Suspension,231,121,18,1653.0188466596787,SupplierD
P7738,Motor,272,56,27,3946.9099204748095,SupplierD
P4992,Windshield,919,195,23,4281.31316113806,SupplierB
P7040,Suspension,848,124,26,1293.4985167366965,SupplierB
P5994,Inverter,165,127,19,4766.695086753751,SupplierA
P5661,Infotainment System,870,108,8,4369.132974253398,SupplierD
P4797,Inverter,326,186,13,3554.7004411326043,SupplierC
P2335,Windshield,707,84,27,3227.917829360116,SupplierA
P1615,Suspension,282,50,27,1166.7913135929425,SupplierC
P5267,Suspension,552,172,11,3415.558710617253,SupplierA
P9881,Suspension,483,176,17,2358.4018572122513,SupplierA
P7146,Brake Pad,686,148,20,2397.0704144832757,SupplierD
P2340,Suspension,94,66,28,3654.3208411508017,SupplierC
P6969,Motor,501,128,15,4810.941436246043,SupplierC
P5657,Brake Pad,246,57,15,1319.0797648219677,SupplierC
P6068,Battery,865,145,29,782.3449468450494,SupplierB
P2907,Battery,780,50,2,1908.767349665102,SupplierD
P8265,Motor,501,87,14,4915.423750460891,SupplierB
P5435,Tire,444,71,3,4485.777359599182,SupplierB
P3681,Infotainment System,624,66,16,1357.5713152118694,SupplierB
P1596,Suspension,481,143,6,1626.701523952922,SupplierA
P7468,Tire,659,65,19,368.19026393243087,SupplierD
P7852,Motor,696,115,9,2813.7348591052555,SupplierB
P8893,Windshield,673,159,1,3647.743024987314,SupplierA
P7240,Battery,215,181,4,1286.6557867026056,SupplierC
P2706,Inverter,543,77,10,641.9576344784881,SupplierD
P8867,Windshield,317,83,23,3776.2778910278457,SupplierD
P3741,Tire,112,88,29,2593.580943342413,SupplierC
P7801,Suspension,181,79,26,2721.336699706276,SupplierD
P3118,Infotainment System,145,155,7,3797.389869908109,SupplierB
P1192,Brake Pad,493,98,20,4328.319728203846,SupplierA
P3964,Motor,845,58,27,1696.8185788173728,SupplierB
P8602,Infotainment System,690,177,20,4154.866100373703,SupplierB
P1240,Battery,535,177,15,1006.1094575890072,SupplierB
P4768,Suspension,827,148,29,4391.934132499484,SupplierD
P3173,Tire,498,91,2,4215.989026961282,SupplierB
P3159,Motor,758,171,17,1641.681653782474,SupplierC
P2230,Windshield,439,71,3,3211.0426298504976,SupplierC
P9107,Motor,802,163,29,309.4240697035617,SupplierA
P3757,Tire,320,178,27,3715.6140343268376,SupplierD
P9683,Inverter,60,103,8,1140.1996441760975,SupplierD
P1585,Infotainment System,170,66,25,4034.6083764146088,SupplierC
P5011,Tire,326,157,15,4404.237728920312,SupplierA
P6325,Windshield,15,120,19,3534.5832885881964,SupplierB
P9316,Battery,484,189,6,3308.1542076423707,SupplierA
P9320,Windshield,750,107,6,3986.329836018976,SupplierB
P6398,Suspension,409,184,15,4772.799778365478,SupplierB
P8264,Suspension,547,158,23,2021.8671878243467,SupplierA
P4140,Tire,129,104,26,632.5444429359911,SupplierC
P9997,Suspension,719,127,29,1778.6963057745459,SupplierC
P3460,Motor,608,120,3,4147.1105036484,SupplierC
P4114,Suspension,616,50,29,1637.1453113100656,SupplierD
P3565,Suspension,9,120,26,3022.6886695263643,SupplierD
P7269,Brake Pad,208,146,10,4841.939841685206,SupplierC
P6801,Inverter,959,105,16,3510.791321678492,SupplierC
P1666,Brake Pad,720,113,14,2409.4105454131936,SupplierB
